<?xml version="1.0" encoding="UTF-8"?>
<!DOCTYPE mapper PUBLIC "-//mybatis.org//DTD Mapper 3.0//EN" "http://mybatis.org/dtd/mybatis-3-mapper.dtd">
<mapper namespace="com.wlh.springcloud.dao.T10ExamNumberDao">
  <resultMap id="BaseResultMap" type="com.wlh.springcloud.entities.T10ExamNumber">
    <id column="id" jdbcType="INTEGER" property="id" />
    <result column="exam_number" jdbcType="INTEGER" property="examNumber" />
    <result column="exam_numname" jdbcType="VARCHAR" property="examNumname" />
  </resultMap>

  <sql id="Base_Column_List">
    id, exam_number, exam_numname
  </sql>

  <select id="selectByPrimaryKey" parameterType="java.lang.Integer" resultMap="BaseResultMap">
    select 
    <include refid="Base_Column_List" />
    from t10_exam_number
    where id = #{id,jdbcType=INTEGER}
  </select>

  <delete id="deleteByPrimaryKey" parameterType="java.lang.Integer">
    delete from t10_exam_number
    where id = #{id,jdbcType=INTEGER}
  </delete>

  <insert id="insert" keyColumn="id" keyProperty="id" parameterType="com.wlh.springcloud.entities.T10ExamNumber" useGeneratedKeys="true">
    insert into t10_exam_number (exam_number, exam_numname)
    values (#{examNumber,jdbcType=INTEGER}, #{examNumname,jdbcType=VARCHAR})
  </insert>

  <insert id="insertSelective" keyColumn="id" keyProperty="id" parameterType="com.wlh.springcloud.entities.T10ExamNumber" useGeneratedKeys="true">
    insert into t10_exam_number
    <trim prefix="(" suffix=")" suffixOverrides=",">
      <if test="examNumber != null">
        exam_number,
      </if>
      <if test="examNumname != null">
        exam_numname,
      </if>
    </trim>
    <trim prefix="values (" suffix=")" suffixOverrides=",">
      <if test="examNumber != null">
        #{examNumber,jdbcType=INTEGER},
      </if>
      <if test="examNumname != null">
        #{examNumname,jdbcType=VARCHAR},
      </if>
    </trim>
  </insert>

  <update id="updateByPrimaryKeySelective" parameterType="com.wlh.springcloud.entities.T10ExamNumber">
    update t10_exam_number
    <set>
      <if test="examNumber != null">
        exam_number = #{examNumber,jdbcType=INTEGER},
      </if>
      <if test="examNumname != null">
        exam_numname = #{examNumname,jdbcType=VARCHAR},
      </if>
    </set>
    where id = #{id,jdbcType=INTEGER}
  </update>

  <update id="updateByPrimaryKey" parameterType="com.wlh.springcloud.entities.T10ExamNumber">
    update t10_exam_number
    set exam_number = #{examNumber,jdbcType=INTEGER},
      exam_numname = #{examNumname,jdbcType=VARCHAR}
    where id = #{id,jdbcType=INTEGER}
  </update>
</mapper>