<?xml version="1.0" encoding="UTF-8"?>
<!DOCTYPE mapper PUBLIC "-//mybatis.org//DTD Mapper 3.0//EN" "http://mybatis.org/dtd/mybatis-3-mapper.dtd">
<mapper namespace="com.wlh.springcloud.dao.T1TeacherDao">
  <resultMap id="BaseResultMap" type="com.wlh.springcloud.entities.T1Teacher">
    <id column="id" jdbcType="INTEGER" property="id" />
    <result column="term" jdbcType="VARCHAR" property="term" />
    <result column="cla_id" jdbcType="INTEGER" property="claId" />
    <result column="cla_Name" jdbcType="VARCHAR" property="claName" />
    <result column="gra_id" jdbcType="INTEGER" property="graId" />
    <result column="gra_Name" jdbcType="VARCHAR" property="graName" />
    <result column="sub_id" jdbcType="INTEGER" property="subId" />
    <result column="sub_Name" jdbcType="VARCHAR" property="subName" />
    <result column="bas_id" jdbcType="INTEGER" property="basId" />
    <result column="bas_Name" jdbcType="VARCHAR" property="basName" />
  </resultMap>
  <sql id="Base_Column_List">
    id, term, cla_id, cla_Name, gra_id, gra_Name, sub_id, sub_Name, bas_id, bas_Name
  </sql>
  <select id="selectByPrimaryKey" parameterType="java.lang.Integer" resultMap="BaseResultMap">
    select 
    <include refid="Base_Column_List" />
    from t1_teacher
    where id = #{id,jdbcType=INTEGER}
  </select>
  <delete id="deleteByPrimaryKey" parameterType="java.lang.Integer">
    delete from t1_teacher
    where id = #{id,jdbcType=INTEGER}
  </delete>
  <insert id="insert" keyColumn="id" keyProperty="id" parameterType="com.wlh.springcloud.entities.T1Teacher" useGeneratedKeys="true">
    insert into t1_teacher (term, cla_id, cla_Name, 
      gra_id, gra_Name, sub_id, 
      sub_Name, bas_id, bas_Name
      )
    values (#{term,jdbcType=VARCHAR}, #{claId,jdbcType=INTEGER}, #{claName,jdbcType=VARCHAR}, 
      #{graId,jdbcType=INTEGER}, #{graName,jdbcType=VARCHAR}, #{subId,jdbcType=INTEGER}, 
      #{subName,jdbcType=VARCHAR}, #{basId,jdbcType=INTEGER}, #{basName,jdbcType=VARCHAR}
      )
  </insert>
  <insert id="insertSelective" keyColumn="id" keyProperty="id" parameterType="com.wlh.springcloud.entities.T1Teacher" useGeneratedKeys="true">
    insert into t1_teacher
    <trim prefix="(" suffix=")" suffixOverrides=",">
      <if test="term != null">
        term,
      </if>
      <if test="claId != null">
        cla_id,
      </if>
      <if test="claName != null">
        cla_Name,
      </if>
      <if test="graId != null">
        gra_id,
      </if>
      <if test="graName != null">
        gra_Name,
      </if>
      <if test="subId != null">
        sub_id,
      </if>
      <if test="subName != null">
        sub_Name,
      </if>
      <if test="basId != null">
        bas_id,
      </if>
      <if test="basName != null">
        bas_Name,
      </if>
    </trim>
    <trim prefix="values (" suffix=")" suffixOverrides=",">
      <if test="term != null">
        #{term,jdbcType=VARCHAR},
      </if>
      <if test="claId != null">
        #{claId,jdbcType=INTEGER},
      </if>
      <if test="claName != null">
        #{claName,jdbcType=VARCHAR},
      </if>
      <if test="graId != null">
        #{graId,jdbcType=INTEGER},
      </if>
      <if test="graName != null">
        #{graName,jdbcType=VARCHAR},
      </if>
      <if test="subId != null">
        #{subId,jdbcType=INTEGER},
      </if>
      <if test="subName != null">
        #{subName,jdbcType=VARCHAR},
      </if>
      <if test="basId != null">
        #{basId,jdbcType=INTEGER},
      </if>
      <if test="basName != null">
        #{basName,jdbcType=VARCHAR},
      </if>
    </trim>
  </insert>
  <update id="updateByPrimaryKeySelective" parameterType="com.wlh.springcloud.entities.T1Teacher">
    update t1_teacher
    <set>
      <if test="term != null">
        term = #{term,jdbcType=VARCHAR},
      </if>
      <if test="claId != null">
        cla_id = #{claId,jdbcType=INTEGER},
      </if>
      <if test="claName != null">
        cla_Name = #{claName,jdbcType=VARCHAR},
      </if>
      <if test="graId != null">
        gra_id = #{graId,jdbcType=INTEGER},
      </if>
      <if test="graName != null">
        gra_Name = #{graName,jdbcType=VARCHAR},
      </if>
      <if test="subId != null">
        sub_id = #{subId,jdbcType=INTEGER},
      </if>
      <if test="subName != null">
        sub_Name = #{subName,jdbcType=VARCHAR},
      </if>
      <if test="basId != null">
        bas_id = #{basId,jdbcType=INTEGER},
      </if>
      <if test="basName != null">
        bas_Name = #{basName,jdbcType=VARCHAR},
      </if>
    </set>
    where id = #{id,jdbcType=INTEGER}
  </update>
  <update id="updateByPrimaryKey" parameterType="com.wlh.springcloud.entities.T1Teacher">
    update t1_teacher
    set term = #{term,jdbcType=VARCHAR},
      cla_id = #{claId,jdbcType=INTEGER},
      cla_Name = #{claName,jdbcType=VARCHAR},
      gra_id = #{graId,jdbcType=INTEGER},
      gra_Name = #{graName,jdbcType=VARCHAR},
      sub_id = #{subId,jdbcType=INTEGER},
      sub_Name = #{subName,jdbcType=VARCHAR},
      bas_id = #{basId,jdbcType=INTEGER},
      bas_Name = #{basName,jdbcType=VARCHAR}
    where id = #{id,jdbcType=INTEGER}
  </update>
</mapper>