<?xml version="1.0" encoding="UTF-8"?>
<!DOCTYPE mapper PUBLIC "-//mybatis.org//DTD Mapper 3.0//EN" "http://mybatis.org/dtd/mybatis-3-mapper.dtd">
<mapper namespace="com.wlh.springcloud.dao.T2StudentInfoDao">
  <resultMap id="BaseResultMap" type="com.wlh.springcloud.entities.T2StudentInfo">
    <id column="id" jdbcType="INTEGER" property="id" />
    <result column="bf_StudentID" jdbcType="INTEGER" property="bfStudentid" />
    <result column="bf_Name" jdbcType="VARCHAR" property="bfName" />
    <result column="bf_sex" jdbcType="VARCHAR" property="bfSex" />
    <result column="bf_nation" jdbcType="VARCHAR" property="bfNation" />
    <result column="bf_BornDate" jdbcType="VARCHAR" property="bfBorndate" />
    <result column="cla_Name" jdbcType="VARCHAR" property="claName" />
    <result column="bf_NativePlace" jdbcType="VARCHAR" property="bfNativeplace" />
    <result column="Bf_ResidenceType" jdbcType="VARCHAR" property="bfResidencetype" />
    <result column="bf_policy" jdbcType="VARCHAR" property="bfPolicy" />
    <result column="cla_id" jdbcType="INTEGER" property="claId" />
    <result column="cla_term" jdbcType="VARCHAR" property="claTerm" />
    <result column="bf_zhusu" jdbcType="INTEGER" property="bfZhusu" />
    <result column="bf_leaveSchool" jdbcType="INTEGER" property="bfLeaveschool" />
    <result column="bf_qinshihao" jdbcType="INTEGER" property="bfQinshihao" />
    <result column="gra_id" jdbcType="INTEGER" property="graId" />
    <result column="gra_name" jdbcType="VARCHAR" property="graName" />
  </resultMap>
  <sql id="Base_Column_List">
    id, bf_StudentID, bf_Name, bf_sex, bf_nation, bf_BornDate, cla_Name, bf_NativePlace, 
    Bf_ResidenceType, bf_policy, cla_id, cla_term, bf_zhusu, bf_leaveSchool, bf_qinshihao, 
    gra_id, gra_name
  </sql>
  <select id="selectByPrimaryKey" parameterType="java.lang.Integer" resultMap="BaseResultMap">
    select 
    <include refid="Base_Column_List" />
    from t2_student_info
    where id = #{id,jdbcType=INTEGER}
  </select>

  <select id="selectByStudentId" parameterType="java.lang.Integer" resultMap="BaseResultMap">
    select
    <include refid="Base_Column_List" />
    from t2_student_info
    where bf_StudentID = #{bf_StudentID,jdbcType=INTEGER}
  </select>
  <select id="selectByClaId" parameterType="java.lang.Integer" resultMap="BaseResultMap">
    select
    <include refid="Base_Column_List" />
    from t2_student_info
    where claId = #{claId,jdbcType=INTEGER}
  </select>
  <select id="getAllStudentInfo" parameterType="java.lang.Integer" resultMap="BaseResultMap">
    select
    <include refid="Base_Column_List" />
    from t2_student_info
  </select>

  <delete id="deleteByPrimaryKey" parameterType="java.lang.Integer">
    delete from t2_student_info
    where id = #{id,jdbcType=INTEGER}
  </delete>
  <insert id="insert" keyColumn="id" keyProperty="id" parameterType="com.wlh.springcloud.entities.T2StudentInfo" useGeneratedKeys="true">
    insert into t2_student_info (bf_StudentID, bf_Name, bf_sex, 
      bf_nation, bf_BornDate, cla_Name, 
      bf_NativePlace, Bf_ResidenceType, bf_policy, 
      cla_id, cla_term, bf_zhusu, 
      bf_leaveSchool, bf_qinshihao, gra_id, 
      gra_name)
    values (#{bfStudentid,jdbcType=INTEGER}, #{bfName,jdbcType=VARCHAR}, #{bfSex,jdbcType=VARCHAR}, 
      #{bfNation,jdbcType=VARCHAR}, #{bfBorndate,jdbcType=VARCHAR}, #{claName,jdbcType=VARCHAR}, 
      #{bfNativeplace,jdbcType=VARCHAR}, #{bfResidencetype,jdbcType=VARCHAR}, #{bfPolicy,jdbcType=VARCHAR}, 
      #{claId,jdbcType=INTEGER}, #{claTerm,jdbcType=VARCHAR}, #{bfZhusu,jdbcType=INTEGER}, 
      #{bfLeaveschool,jdbcType=INTEGER}, #{bfQinshihao,jdbcType=INTEGER}, #{graId,jdbcType=INTEGER}, 
      #{graName,jdbcType=VARCHAR})
  </insert>
  <insert id="insertSelective" keyColumn="id" keyProperty="id" parameterType="com.wlh.springcloud.entities.T2StudentInfo" useGeneratedKeys="true">
    insert into t2_student_info
    <trim prefix="(" suffix=")" suffixOverrides=",">
      <if test="bfStudentid != null">
        bf_StudentID,
      </if>
      <if test="bfName != null">
        bf_Name,
      </if>
      <if test="bfSex != null">
        bf_sex,
      </if>
      <if test="bfNation != null">
        bf_nation,
      </if>
      <if test="bfBorndate != null">
        bf_BornDate,
      </if>
      <if test="claName != null">
        cla_Name,
      </if>
      <if test="bfNativeplace != null">
        bf_NativePlace,
      </if>
      <if test="bfResidencetype != null">
        Bf_ResidenceType,
      </if>
      <if test="bfPolicy != null">
        bf_policy,
      </if>
      <if test="claId != null">
        cla_id,
      </if>
      <if test="claTerm != null">
        cla_term,
      </if>
      <if test="bfZhusu != null">
        bf_zhusu,
      </if>
      <if test="bfLeaveschool != null">
        bf_leaveSchool,
      </if>
      <if test="bfQinshihao != null">
        bf_qinshihao,
      </if>
      <if test="graId != null">
        gra_id,
      </if>
      <if test="graName != null">
        gra_name,
      </if>
    </trim>
    <trim prefix="values (" suffix=")" suffixOverrides=",">
      <if test="bfStudentid != null">
        #{bfStudentid,jdbcType=INTEGER},
      </if>
      <if test="bfName != null">
        #{bfName,jdbcType=VARCHAR},
      </if>
      <if test="bfSex != null">
        #{bfSex,jdbcType=VARCHAR},
      </if>
      <if test="bfNation != null">
        #{bfNation,jdbcType=VARCHAR},
      </if>
      <if test="bfBorndate != null">
        #{bfBorndate,jdbcType=VARCHAR},
      </if>
      <if test="claName != null">
        #{claName,jdbcType=VARCHAR},
      </if>
      <if test="bfNativeplace != null">
        #{bfNativeplace,jdbcType=VARCHAR},
      </if>
      <if test="bfResidencetype != null">
        #{bfResidencetype,jdbcType=VARCHAR},
      </if>
      <if test="bfPolicy != null">
        #{bfPolicy,jdbcType=VARCHAR},
      </if>
      <if test="claId != null">
        #{claId,jdbcType=INTEGER},
      </if>
      <if test="claTerm != null">
        #{claTerm,jdbcType=VARCHAR},
      </if>
      <if test="bfZhusu != null">
        #{bfZhusu,jdbcType=INTEGER},
      </if>
      <if test="bfLeaveschool != null">
        #{bfLeaveschool,jdbcType=INTEGER},
      </if>
      <if test="bfQinshihao != null">
        #{bfQinshihao,jdbcType=INTEGER},
      </if>
      <if test="graId != null">
        #{graId,jdbcType=INTEGER},
      </if>
      <if test="graName != null">
        #{graName,jdbcType=VARCHAR},
      </if>
    </trim>
  </insert>
  <update id="updateByPrimaryKeySelective" parameterType="com.wlh.springcloud.entities.T2StudentInfo">
    update t2_student_info
    <set>
      <if test="bfStudentid != null">
        bf_StudentID = #{bfStudentid,jdbcType=INTEGER},
      </if>
      <if test="bfName != null">
        bf_Name = #{bfName,jdbcType=VARCHAR},
      </if>
      <if test="bfSex != null">
        bf_sex = #{bfSex,jdbcType=VARCHAR},
      </if>
      <if test="bfNation != null">
        bf_nation = #{bfNation,jdbcType=VARCHAR},
      </if>
      <if test="bfBorndate != null">
        bf_BornDate = #{bfBorndate,jdbcType=VARCHAR},
      </if>
      <if test="claName != null">
        cla_Name = #{claName,jdbcType=VARCHAR},
      </if>
      <if test="bfNativeplace != null">
        bf_NativePlace = #{bfNativeplace,jdbcType=VARCHAR},
      </if>
      <if test="bfResidencetype != null">
        Bf_ResidenceType = #{bfResidencetype,jdbcType=VARCHAR},
      </if>
      <if test="bfPolicy != null">
        bf_policy = #{bfPolicy,jdbcType=VARCHAR},
      </if>
      <if test="claId != null">
        cla_id = #{claId,jdbcType=INTEGER},
      </if>
      <if test="claTerm != null">
        cla_term = #{claTerm,jdbcType=VARCHAR},
      </if>
      <if test="bfZhusu != null">
        bf_zhusu = #{bfZhusu,jdbcType=INTEGER},
      </if>
      <if test="bfLeaveschool != null">
        bf_leaveSchool = #{bfLeaveschool,jdbcType=INTEGER},
      </if>
      <if test="bfQinshihao != null">
        bf_qinshihao = #{bfQinshihao,jdbcType=INTEGER},
      </if>
      <if test="graId != null">
        gra_id = #{graId,jdbcType=INTEGER},
      </if>
      <if test="graName != null">
        gra_name = #{graName,jdbcType=VARCHAR},
      </if>
    </set>
    where id = #{id,jdbcType=INTEGER}
  </update>
  <update id="updateByPrimaryKey" parameterType="com.wlh.springcloud.entities.T2StudentInfo">
    update t2_student_info
    set bf_StudentID = #{bfStudentid,jdbcType=INTEGER},
      bf_Name = #{bfName,jdbcType=VARCHAR},
      bf_sex = #{bfSex,jdbcType=VARCHAR},
      bf_nation = #{bfNation,jdbcType=VARCHAR},
      bf_BornDate = #{bfBorndate,jdbcType=VARCHAR},
      cla_Name = #{claName,jdbcType=VARCHAR},
      bf_NativePlace = #{bfNativeplace,jdbcType=VARCHAR},
      Bf_ResidenceType = #{bfResidencetype,jdbcType=VARCHAR},
      bf_policy = #{bfPolicy,jdbcType=VARCHAR},
      cla_id = #{claId,jdbcType=INTEGER},
      cla_term = #{claTerm,jdbcType=VARCHAR},
      bf_zhusu = #{bfZhusu,jdbcType=INTEGER},
      bf_leaveSchool = #{bfLeaveschool,jdbcType=INTEGER},
      bf_qinshihao = #{bfQinshihao,jdbcType=INTEGER},
      gra_id = #{graId,jdbcType=INTEGER},
      gra_name = #{graName,jdbcType=VARCHAR}
    where id = #{id,jdbcType=INTEGER}
  </update>
</mapper>