<?xml version="1.0" encoding="UTF-8"?>
<!DOCTYPE mapper PUBLIC "-//mybatis.org//DTD Mapper 3.0//EN" "http://mybatis.org/dtd/mybatis-3-mapper.dtd">
<mapper namespace="com.wlh.springcloud.dao.T4KaoqintypeDao">
  <resultMap id="BaseResultMap" type="com.wlh.springcloud.entities.T4Kaoqintype">
    <id column="id" jdbcType="INTEGER" property="id" />
    <result column="controler_id" jdbcType="INTEGER" property="controlerId" />
    <result column="controler_name" jdbcType="VARCHAR" property="controlerName" />
    <result column="control_task_order_id" jdbcType="INTEGER" property="controlTaskOrderId" />
    <result column="control_task_name" jdbcType="VARCHAR" property="controlTaskName" />
  </resultMap>
  <sql id="Base_Column_List">
    id, controler_id, controler_name, control_task_order_id, control_task_name
  </sql>
  <select id="selectByPrimaryKey" parameterType="java.lang.Integer" resultMap="BaseResultMap">
    select 
    <include refid="Base_Column_List" />
    from t4_kaoqintype
    where id = #{id,jdbcType=INTEGER}
  </select>
  <delete id="deleteByPrimaryKey" parameterType="java.lang.Integer">
    delete from t4_kaoqintype
    where id = #{id,jdbcType=INTEGER}
  </delete>
  <insert id="insert" keyColumn="id" keyProperty="id" parameterType="com.wlh.springcloud.entities.T4Kaoqintype" useGeneratedKeys="true">
    insert into t4_kaoqintype (controler_id, controler_name, control_task_order_id, 
      control_task_name)
    values (#{controlerId,jdbcType=INTEGER}, #{controlerName,jdbcType=VARCHAR}, #{controlTaskOrderId,jdbcType=INTEGER}, 
      #{controlTaskName,jdbcType=VARCHAR})
  </insert>
  <insert id="insertSelective" keyColumn="id" keyProperty="id" parameterType="com.wlh.springcloud.entities.T4Kaoqintype" useGeneratedKeys="true">
    insert into t4_kaoqintype
    <trim prefix="(" suffix=")" suffixOverrides=",">
      <if test="controlerId != null">
        controler_id,
      </if>
      <if test="controlerName != null">
        controler_name,
      </if>
      <if test="controlTaskOrderId != null">
        control_task_order_id,
      </if>
      <if test="controlTaskName != null">
        control_task_name,
      </if>
    </trim>
    <trim prefix="values (" suffix=")" suffixOverrides=",">
      <if test="controlerId != null">
        #{controlerId,jdbcType=INTEGER},
      </if>
      <if test="controlerName != null">
        #{controlerName,jdbcType=VARCHAR},
      </if>
      <if test="controlTaskOrderId != null">
        #{controlTaskOrderId,jdbcType=INTEGER},
      </if>
      <if test="controlTaskName != null">
        #{controlTaskName,jdbcType=VARCHAR},
      </if>
    </trim>
  </insert>
  <update id="updateByPrimaryKeySelective" parameterType="com.wlh.springcloud.entities.T4Kaoqintype">
    update t4_kaoqintype
    <set>
      <if test="controlerId != null">
        controler_id = #{controlerId,jdbcType=INTEGER},
      </if>
      <if test="controlerName != null">
        controler_name = #{controlerName,jdbcType=VARCHAR},
      </if>
      <if test="controlTaskOrderId != null">
        control_task_order_id = #{controlTaskOrderId,jdbcType=INTEGER},
      </if>
      <if test="controlTaskName != null">
        control_task_name = #{controlTaskName,jdbcType=VARCHAR},
      </if>
    </set>
    where id = #{id,jdbcType=INTEGER}
  </update>
  <update id="updateByPrimaryKey" parameterType="com.wlh.springcloud.entities.T4Kaoqintype">
    update t4_kaoqintype
    set controler_id = #{controlerId,jdbcType=INTEGER},
      controler_name = #{controlerName,jdbcType=VARCHAR},
      control_task_order_id = #{controlTaskOrderId,jdbcType=INTEGER},
      control_task_name = #{controlTaskName,jdbcType=VARCHAR}
    where id = #{id,jdbcType=INTEGER}
  </update>
</mapper>