<?xml version="1.0" encoding="UTF-8"?>
<!DOCTYPE mapper PUBLIC "-//mybatis.org//DTD Mapper 3.0//EN" "http://mybatis.org/dtd/mybatis-3-mapper.dtd">
<mapper namespace="com.wlh.springcloud.dao.T5ChengjiDao">
  <resultMap id="BaseResultMap" type="com.wlh.springcloud.entities.T5Chengji">
    <id column="id" jdbcType="INTEGER" property="id" />
    <result column="mes_TestID" jdbcType="INTEGER" property="mesTestid" />
    <result column="exam_number" jdbcType="INTEGER" property="examNumber" />
    <result column="exam_numname" jdbcType="VARCHAR" property="examNumname" />
    <result column="mes_sub_id" jdbcType="INTEGER" property="mesSubId" />
    <result column="mes_sub_name" jdbcType="VARCHAR" property="mesSubName" />
    <result column="exam_term" jdbcType="VARCHAR" property="examTerm" />
    <result column="exam_type" jdbcType="INTEGER" property="examType" />
    <result column="exam_sdate" jdbcType="VARCHAR" property="examSdate" />
    <result column="mes_StudentID" jdbcType="INTEGER" property="mesStudentid" />
    <result column="mes_Score" jdbcType="INTEGER" property="mesScore" />
    <result column="mes_Z_Score" jdbcType="VARCHAR" property="mesZScore" />
    <result column="mes_T_Score" jdbcType="VARCHAR" property="mesTScore" />
    <result column="mes_dengdi" jdbcType="VARCHAR" property="mesDengdi" />
    <result column="cla_id" jdbcType="INTEGER" property="claId" />
  </resultMap>
  <sql id="Base_Column_List">
    id, mes_TestID, exam_number, exam_numname, mes_sub_id, mes_sub_name, exam_term, exam_type, 
    exam_sdate, mes_StudentID, mes_Score, mes_Z_Score, mes_T_Score, mes_dengdi, cla_id
  </sql>
  <select id="selectByPrimaryKey" parameterType="java.lang.Integer" resultMap="BaseResultMap">
    select 
    <include refid="Base_Column_List" />
    from t5_chengji
    where id = #{id,jdbcType=INTEGER}
  </select>


  <select id="getAllChengjiFromClaIds" parameterType="java.lang.Integer" resultMap="BaseResultMap">
    select
    <include refid="Base_Column_List" />
    from t5_chengji
    where cla_id IN #{claIds,jdbcType=INTEGER}
  </select>
  <select id="getScoreFromStuList" parameterType="java.lang.Integer" resultMap="BaseResultMap">
    select
    <include refid="Base_Column_List" />
    from t5_chengji
    where mes_StudentID IN #{studentIdList,jdbcType=INTEGER} AND mes_sub_id = #{subId,jdbcType=INTEGER} AND exam_number = #{examNumber,jdbcType=INTEGER}
  </select>
  <select id="getAllChengji" parameterType="java.lang.Integer" resultMap="BaseResultMap">
    select
    <include refid="Base_Column_List" />
    from t5_chengji
  </select>
  <select id="selectByStudentId" parameterType="java.lang.Integer" resultMap="BaseResultMap">
    select
    <include refid="Base_Column_List" />
    from t5_chengji
    where mes_StudentID = #{studentId,jdbcType=INTEGER}
  </select>
  <select id="selectByClaId" parameterType="java.lang.Integer" resultMap="BaseResultMap">
    select
    <include refid="Base_Column_List" />
    from t5_chengji
    where cla_id = #{claId,jdbcType=INTEGER}
  </select>
  <select id="selectByExamType" parameterType="java.lang.Integer" resultMap="BaseResultMap">
    select
    <include refid="Base_Column_List" />
    from t5_chengji
    where exam_type = #{examType,jdbcType=INTEGER}
  </select>
  <select id="selectByExamNumber" parameterType="java.lang.Integer" resultMap="BaseResultMap">
    select
    <include refid="Base_Column_List" />
    from t5_chengji
    where exam_number = #{examNumber,jdbcType=INTEGER}
  </select>
  <select id="selectByMesSubId" parameterType="java.lang.Integer" resultMap="BaseResultMap">
    select
    <include refid="Base_Column_List" />
    from t5_chengji
    where mes_sub_id = #{mesSubId,jdbcType=INTEGER}
  </select>
  <select id="selectByExamNumberAndStuId" parameterType="java.lang.Integer" resultMap="BaseResultMap">
    select
    <include refid="Base_Column_List" />
    from t5_chengji
    where exam_number = #{examNumber,jdbcType=INTEGER} AND mes_StudentID = #{stuId,jdbcType=INTEGER}
  </select>
  <select id="selectByTestId" parameterType="java.lang.Integer" resultMap="BaseResultMap">
    select
    <include refid="Base_Column_List" />
    from t5_chengji
    where mes_TestID = #{testId,jdbcType=INTEGER}
  </select>



  <delete id="deleteByPrimaryKey" parameterType="java.lang.Integer">
    delete from t5_chengji
    where id = #{id,jdbcType=INTEGER}
  </delete>
  <insert id="insert" keyColumn="id" keyProperty="id" parameterType="com.wlh.springcloud.entities.T5Chengji" useGeneratedKeys="true">
    insert into t5_chengji (mes_TestID, exam_number, exam_numname, 
      mes_sub_id, mes_sub_name, exam_term, 
      exam_type, exam_sdate, mes_StudentID, 
      mes_Score, mes_Z_Score, mes_T_Score, 
      mes_dengdi, cla_id)
    values (#{mesTestid,jdbcType=INTEGER}, #{examNumber,jdbcType=INTEGER}, #{examNumname,jdbcType=VARCHAR}, 
      #{mesSubId,jdbcType=INTEGER}, #{mesSubName,jdbcType=VARCHAR}, #{examTerm,jdbcType=VARCHAR}, 
      #{examType,jdbcType=INTEGER}, #{examSdate,jdbcType=VARCHAR}, #{mesStudentid,jdbcType=INTEGER}, 
      #{mesScore,jdbcType=INTEGER}, #{mesZScore,jdbcType=VARCHAR}, #{mesTScore,jdbcType=VARCHAR}, 
      #{mesDengdi,jdbcType=VARCHAR}, #{claId,jdbcType=INTEGER})
  </insert>
  <insert id="insertSelective" keyColumn="id" keyProperty="id" parameterType="com.wlh.springcloud.entities.T5Chengji" useGeneratedKeys="true">
    insert into t5_chengji
    <trim prefix="(" suffix=")" suffixOverrides=",">
      <if test="mesTestid != null">
        mes_TestID,
      </if>
      <if test="examNumber != null">
        exam_number,
      </if>
      <if test="examNumname != null">
        exam_numname,
      </if>
      <if test="mesSubId != null">
        mes_sub_id,
      </if>
      <if test="mesSubName != null">
        mes_sub_name,
      </if>
      <if test="examTerm != null">
        exam_term,
      </if>
      <if test="examType != null">
        exam_type,
      </if>
      <if test="examSdate != null">
        exam_sdate,
      </if>
      <if test="mesStudentid != null">
        mes_StudentID,
      </if>
      <if test="mesScore != null">
        mes_Score,
      </if>
      <if test="mesZScore != null">
        mes_Z_Score,
      </if>
      <if test="mesTScore != null">
        mes_T_Score,
      </if>
      <if test="mesDengdi != null">
        mes_dengdi,
      </if>
      <if test="claId != null">
        cla_id,
      </if>
    </trim>
    <trim prefix="values (" suffix=")" suffixOverrides=",">
      <if test="mesTestid != null">
        #{mesTestid,jdbcType=INTEGER},
      </if>
      <if test="examNumber != null">
        #{examNumber,jdbcType=INTEGER},
      </if>
      <if test="examNumname != null">
        #{examNumname,jdbcType=VARCHAR},
      </if>
      <if test="mesSubId != null">
        #{mesSubId,jdbcType=INTEGER},
      </if>
      <if test="mesSubName != null">
        #{mesSubName,jdbcType=VARCHAR},
      </if>
      <if test="examTerm != null">
        #{examTerm,jdbcType=VARCHAR},
      </if>
      <if test="examType != null">
        #{examType,jdbcType=INTEGER},
      </if>
      <if test="examSdate != null">
        #{examSdate,jdbcType=VARCHAR},
      </if>
      <if test="mesStudentid != null">
        #{mesStudentid,jdbcType=INTEGER},
      </if>
      <if test="mesScore != null">
        #{mesScore,jdbcType=INTEGER},
      </if>
      <if test="mesZScore != null">
        #{mesZScore,jdbcType=VARCHAR},
      </if>
      <if test="mesTScore != null">
        #{mesTScore,jdbcType=VARCHAR},
      </if>
      <if test="mesDengdi != null">
        #{mesDengdi,jdbcType=VARCHAR},
      </if>
      <if test="claId != null">
        #{claId,jdbcType=INTEGER},
      </if>
    </trim>
  </insert>
  <update id="updateByPrimaryKeySelective" parameterType="com.wlh.springcloud.entities.T5Chengji">
    update t5_chengji
    <set>
      <if test="mesTestid != null">
        mes_TestID = #{mesTestid,jdbcType=INTEGER},
      </if>
      <if test="examNumber != null">
        exam_number = #{examNumber,jdbcType=INTEGER},
      </if>
      <if test="examNumname != null">
        exam_numname = #{examNumname,jdbcType=VARCHAR},
      </if>
      <if test="mesSubId != null">
        mes_sub_id = #{mesSubId,jdbcType=INTEGER},
      </if>
      <if test="mesSubName != null">
        mes_sub_name = #{mesSubName,jdbcType=VARCHAR},
      </if>
      <if test="examTerm != null">
        exam_term = #{examTerm,jdbcType=VARCHAR},
      </if>
      <if test="examType != null">
        exam_type = #{examType,jdbcType=INTEGER},
      </if>
      <if test="examSdate != null">
        exam_sdate = #{examSdate,jdbcType=VARCHAR},
      </if>
      <if test="mesStudentid != null">
        mes_StudentID = #{mesStudentid,jdbcType=INTEGER},
      </if>
      <if test="mesScore != null">
        mes_Score = #{mesScore,jdbcType=INTEGER},
      </if>
      <if test="mesZScore != null">
        mes_Z_Score = #{mesZScore,jdbcType=VARCHAR},
      </if>
      <if test="mesTScore != null">
        mes_T_Score = #{mesTScore,jdbcType=VARCHAR},
      </if>
      <if test="mesDengdi != null">
        mes_dengdi = #{mesDengdi,jdbcType=VARCHAR},
      </if>
      <if test="claId != null">
        cla_id = #{claId,jdbcType=INTEGER},
      </if>
    </set>
    where id = #{id,jdbcType=INTEGER}
  </update>
  <update id="updateByPrimaryKey" parameterType="com.wlh.springcloud.entities.T5Chengji">
    update t5_chengji
    set mes_TestID = #{mesTestid,jdbcType=INTEGER},
      exam_number = #{examNumber,jdbcType=INTEGER},
      exam_numname = #{examNumname,jdbcType=VARCHAR},
      mes_sub_id = #{mesSubId,jdbcType=INTEGER},
      mes_sub_name = #{mesSubName,jdbcType=VARCHAR},
      exam_term = #{examTerm,jdbcType=VARCHAR},
      exam_type = #{examType,jdbcType=INTEGER},
      exam_sdate = #{examSdate,jdbcType=VARCHAR},
      mes_StudentID = #{mesStudentid,jdbcType=INTEGER},
      mes_Score = #{mesScore,jdbcType=INTEGER},
      mes_Z_Score = #{mesZScore,jdbcType=VARCHAR},
      mes_T_Score = #{mesTScore,jdbcType=VARCHAR},
      mes_dengdi = #{mesDengdi,jdbcType=VARCHAR},
      cla_id = #{claId,jdbcType=INTEGER}
    where id = #{id,jdbcType=INTEGER}
  </update>
</mapper>