<?xml version="1.0" encoding="UTF-8"?>
<!DOCTYPE mapper PUBLIC "-//mybatis.org//DTD Mapper 3.0//EN" "http://mybatis.org/dtd/mybatis-3-mapper.dtd">
<mapper namespace="com.wlh.springcloud.dao.T6ExamTypeDao">
  <resultMap id="BaseResultMap" type="com.wlh.springcloud.entities.T6ExamType">
    <id column="id" jdbcType="INTEGER" property="id" />
    <result column="EXAM_KIND_ID" jdbcType="INTEGER" property="examKindId" />
    <result column="EXAM_KIND_NAME" jdbcType="VARCHAR" property="examKindName" />
  </resultMap>
  <sql id="Base_Column_List">
    id, EXAM_KIND_ID, EXAM_KIND_NAME
  </sql>
  <select id="selectByPrimaryKey" parameterType="java.lang.Integer" resultMap="BaseResultMap">
    select 
    <include refid="Base_Column_List" />
    from t6_exam_type
    where id = #{id,jdbcType=INTEGER}
  </select>

  <select id="getAllExamType" parameterType="java.lang.Integer" resultMap="BaseResultMap">
    select
    <include refid="Base_Column_List" />
    from t6_exam_type
  </select>

  <delete id="deleteByPrimaryKey" parameterType="java.lang.Integer">
    delete from t6_exam_type
    where id = #{id,jdbcType=INTEGER}
  </delete>
  <insert id="insert" keyColumn="id" keyProperty="id" parameterType="com.wlh.springcloud.entities.T6ExamType" useGeneratedKeys="true">
    insert into t6_exam_type (EXAM_KIND_ID, EXAM_KIND_NAME)
    values (#{examKindId,jdbcType=INTEGER}, #{examKindName,jdbcType=VARCHAR})
  </insert>
  <insert id="insertSelective" keyColumn="id" keyProperty="id" parameterType="com.wlh.springcloud.entities.T6ExamType" useGeneratedKeys="true">
    insert into t6_exam_type
    <trim prefix="(" suffix=")" suffixOverrides=",">
      <if test="examKindId != null">
        EXAM_KIND_ID,
      </if>
      <if test="examKindName != null">
        EXAM_KIND_NAME,
      </if>
    </trim>
    <trim prefix="values (" suffix=")" suffixOverrides=",">
      <if test="examKindId != null">
        #{examKindId,jdbcType=INTEGER},
      </if>
      <if test="examKindName != null">
        #{examKindName,jdbcType=VARCHAR},
      </if>
    </trim>
  </insert>
  <update id="updateByPrimaryKeySelective" parameterType="com.wlh.springcloud.entities.T6ExamType">
    update t6_exam_type
    <set>
      <if test="examKindId != null">
        EXAM_KIND_ID = #{examKindId,jdbcType=INTEGER},
      </if>
      <if test="examKindName != null">
        EXAM_KIND_NAME = #{examKindName,jdbcType=VARCHAR},
      </if>
    </set>
    where id = #{id,jdbcType=INTEGER}
  </update>
  <update id="updateByPrimaryKey" parameterType="com.wlh.springcloud.entities.T6ExamType">
    update t6_exam_type
    set EXAM_KIND_ID = #{examKindId,jdbcType=INTEGER},
      EXAM_KIND_NAME = #{examKindName,jdbcType=VARCHAR}
    where id = #{id,jdbcType=INTEGER}
  </update>
</mapper>