<?xml version="1.0" encoding="UTF-8"?>
<!DOCTYPE mapper PUBLIC "-//mybatis.org//DTD Mapper 3.0//EN" "http://mybatis.org/dtd/mybatis-3-mapper.dtd">
<mapper namespace="com.wlh.springcloud.dao.T7ConsumptionDao">
  <resultMap id="BaseResultMap" type="com.wlh.springcloud.entities.T7Consumption">
    <id column="id" jdbcType="INTEGER" property="id" />
    <result column="DealTime" jdbcType="VARCHAR" property="dealtime" />
    <result column="MonDeal" jdbcType="INTEGER" property="mondeal" />
    <result column="bf_StudentID" jdbcType="INTEGER" property="bfStudentid" />
    <result column="AccName" jdbcType="VARCHAR" property="accname" />
    <result column="PerSex" jdbcType="VARCHAR" property="persex" />
  </resultMap>
  <sql id="Base_Column_List">
    id, DealTime, MonDeal, bf_StudentID, AccName, PerSex
  </sql>
  <select id="selectByPrimaryKey" parameterType="java.lang.Integer" resultMap="BaseResultMap">
    select 
    <include refid="Base_Column_List" />
    from t7_consumption
    where id = #{id,jdbcType=INTEGER}
  </select>


  <select id="selectByStudentId" parameterType="java.lang.Integer" resultMap="BaseResultMap">
    select
    <include refid="Base_Column_List" />
    from t7_consumption
    where bf_StudentID = #{studentId,jdbcType=INTEGER}
  </select>
  <select id="getAllConsumption" parameterType="java.lang.Integer" resultMap="BaseResultMap">
    select
    <include refid="Base_Column_List" />
    from t7_consumption ASC
  </select>


  <delete id="deleteByPrimaryKey" parameterType="java.lang.Integer">
    delete from t7_consumption
    where id = #{id,jdbcType=INTEGER}
  </delete>
  <insert id="insert" keyColumn="id" keyProperty="id" parameterType="com.wlh.springcloud.entities.T7Consumption" useGeneratedKeys="true">
    insert into t7_consumption (DealTime, MonDeal, bf_StudentID, 
      AccName, PerSex)
    values (#{dealtime,jdbcType=VARCHAR}, #{mondeal,jdbcType=INTEGER}, #{bfStudentid,jdbcType=INTEGER}, 
      #{accname,jdbcType=VARCHAR}, #{persex,jdbcType=VARCHAR})
  </insert>
  <insert id="insertSelective" keyColumn="id" keyProperty="id" parameterType="com.wlh.springcloud.entities.T7Consumption" useGeneratedKeys="true">
    insert into t7_consumption
    <trim prefix="(" suffix=")" suffixOverrides=",">
      <if test="dealtime != null">
        DealTime,
      </if>
      <if test="mondeal != null">
        MonDeal,
      </if>
      <if test="bfStudentid != null">
        bf_StudentID,
      </if>
      <if test="accname != null">
        AccName,
      </if>
      <if test="persex != null">
        PerSex,
      </if>
    </trim>
    <trim prefix="values (" suffix=")" suffixOverrides=",">
      <if test="dealtime != null">
        #{dealtime,jdbcType=VARCHAR},
      </if>
      <if test="mondeal != null">
        #{mondeal,jdbcType=INTEGER},
      </if>
      <if test="bfStudentid != null">
        #{bfStudentid,jdbcType=INTEGER},
      </if>
      <if test="accname != null">
        #{accname,jdbcType=VARCHAR},
      </if>
      <if test="persex != null">
        #{persex,jdbcType=VARCHAR},
      </if>
    </trim>
  </insert>
  <update id="updateByPrimaryKeySelective" parameterType="com.wlh.springcloud.entities.T7Consumption">
    update t7_consumption
    <set>
      <if test="dealtime != null">
        DealTime = #{dealtime,jdbcType=VARCHAR},
      </if>
      <if test="mondeal != null">
        MonDeal = #{mondeal,jdbcType=INTEGER},
      </if>
      <if test="bfStudentid != null">
        bf_StudentID = #{bfStudentid,jdbcType=INTEGER},
      </if>
      <if test="accname != null">
        AccName = #{accname,jdbcType=VARCHAR},
      </if>
      <if test="persex != null">
        PerSex = #{persex,jdbcType=VARCHAR},
      </if>
    </set>
    where id = #{id,jdbcType=INTEGER}
  </update>
  <update id="updateByPrimaryKey" parameterType="com.wlh.springcloud.entities.T7Consumption">
    update t7_consumption
    set DealTime = #{dealtime,jdbcType=VARCHAR},
      MonDeal = #{mondeal,jdbcType=INTEGER},
      bf_StudentID = #{bfStudentid,jdbcType=INTEGER},
      AccName = #{accname,jdbcType=VARCHAR},
      PerSex = #{persex,jdbcType=VARCHAR}
    where id = #{id,jdbcType=INTEGER}
  </update>
</mapper>