<?xml version="1.0" encoding="UTF-8"?>
<!DOCTYPE mapper PUBLIC "-//mybatis.org//DTD Mapper 3.0//EN" "http://mybatis.org/dtd/mybatis-3-mapper.dtd">
<mapper namespace="com.wlh.springcloud.dao.T8ClassIdDao">
  <resultMap id="BaseResultMap" type="com.wlh.springcloud.entities.T8ClassId">
    <id column="id" jdbcType="INTEGER" property="id" />
    <result column="cla_id" jdbcType="INTEGER" property="claId" />
    <result column="cla_Name" jdbcType="VARCHAR" property="claName" />
    <result column="cla_num" jdbcType="INTEGER" property="claNum" />
  </resultMap>
  <sql id="Base_Column_List">
    id, cla_id, cla_Name, cla_num
  </sql>
  <select id="selectByPrimaryKey" parameterType="java.lang.Integer" resultMap="BaseResultMap">
    select 
    <include refid="Base_Column_List" />
    from t8_class_id
    where id = #{id,jdbcType=INTEGER}
  </select>
  <delete id="deleteByPrimaryKey" parameterType="java.lang.Integer">
    delete from t8_class_id
    where id = #{id,jdbcType=INTEGER}
  </delete>
  <insert id="insert" keyColumn="id" keyProperty="id" parameterType="com.wlh.springcloud.entities.T8ClassId" useGeneratedKeys="true">
    insert into t8_class_id (cla_id, cla_Name, cla_num
      )
    values (#{claId,jdbcType=INTEGER}, #{claName,jdbcType=VARCHAR}, #{claNum,jdbcType=INTEGER}
      )
  </insert>
  <insert id="insertSelective" keyColumn="id" keyProperty="id" parameterType="com.wlh.springcloud.entities.T8ClassId" useGeneratedKeys="true">
    insert into t8_class_id
    <trim prefix="(" suffix=")" suffixOverrides=",">
      <if test="claId != null">
        cla_id,
      </if>
      <if test="claName != null">
        cla_Name,
      </if>
      <if test="claNum != null">
        cla_num,
      </if>
    </trim>
    <trim prefix="values (" suffix=")" suffixOverrides=",">
      <if test="claId != null">
        #{claId,jdbcType=INTEGER},
      </if>
      <if test="claName != null">
        #{claName,jdbcType=VARCHAR},
      </if>
      <if test="claNum != null">
        #{claNum,jdbcType=INTEGER},
      </if>
    </trim>
  </insert>
  <update id="updateByPrimaryKeySelective" parameterType="com.wlh.springcloud.entities.T8ClassId">
    update t8_class_id
    <set>
      <if test="claId != null">
        cla_id = #{claId,jdbcType=INTEGER},
      </if>
      <if test="claName != null">
        cla_Name = #{claName,jdbcType=VARCHAR},
      </if>
      <if test="claNum != null">
        cla_num = #{claNum,jdbcType=INTEGER},
      </if>
    </set>
    where id = #{id,jdbcType=INTEGER}
  </update>
  <update id="updateByPrimaryKey" parameterType="com.wlh.springcloud.entities.T8ClassId">
    update t8_class_id
    set cla_id = #{claId,jdbcType=INTEGER},
      cla_Name = #{claName,jdbcType=VARCHAR},
      cla_num = #{claNum,jdbcType=INTEGER}
    where id = #{id,jdbcType=INTEGER}
  </update>
</mapper>