<?xml version="1.0" encoding="UTF-8"?>
<!DOCTYPE mapper PUBLIC "-//mybatis.org//DTD Mapper 3.0//EN" "http://mybatis.org/dtd/mybatis-3-mapper.dtd">
<mapper namespace="com.wlh.springcloud.dao.T9SubjectIdDao">
  <resultMap id="BaseResultMap" type="com.wlh.springcloud.entities.T9SubjectId">
    <id column="id" jdbcType="INTEGER" property="id" />
    <result column="sub_id" jdbcType="INTEGER" property="subId" />
    <result column="sub_name" jdbcType="VARCHAR" property="subName" />
  </resultMap>
  <sql id="Base_Column_List">
    id, sub_id, sub_name
  </sql>
  <select id="selectByPrimaryKey" parameterType="java.lang.Integer" resultMap="BaseResultMap">
    select 
    <include refid="Base_Column_List" />
    from t9_subject_id
    where id = #{id,jdbcType=INTEGER}
  </select>
  <delete id="deleteByPrimaryKey" parameterType="java.lang.Integer">
    delete from t9_subject_id
    where id = #{id,jdbcType=INTEGER}
  </delete>
  <insert id="insert" keyColumn="id" keyProperty="id" parameterType="com.wlh.springcloud.entities.T9SubjectId" useGeneratedKeys="true">
    insert into t9_subject_id (sub_id, sub_name)
    values (#{subId,jdbcType=INTEGER}, #{subName,jdbcType=VARCHAR})
  </insert>
  <insert id="insertSelective" keyColumn="id" keyProperty="id" parameterType="com.wlh.springcloud.entities.T9SubjectId" useGeneratedKeys="true">
    insert into t9_subject_id
    <trim prefix="(" suffix=")" suffixOverrides=",">
      <if test="subId != null">
        sub_id,
      </if>
      <if test="subName != null">
        sub_name,
      </if>
    </trim>
    <trim prefix="values (" suffix=")" suffixOverrides=",">
      <if test="subId != null">
        #{subId,jdbcType=INTEGER},
      </if>
      <if test="subName != null">
        #{subName,jdbcType=VARCHAR},
      </if>
    </trim>
  </insert>
  <update id="updateByPrimaryKeySelective" parameterType="com.wlh.springcloud.entities.T9SubjectId">
    update t9_subject_id
    <set>
      <if test="subId != null">
        sub_id = #{subId,jdbcType=INTEGER},
      </if>
      <if test="subName != null">
        sub_name = #{subName,jdbcType=VARCHAR},
      </if>
    </set>
    where id = #{id,jdbcType=INTEGER}
  </update>
  <update id="updateByPrimaryKey" parameterType="com.wlh.springcloud.entities.T9SubjectId">
    update t9_subject_id
    set sub_id = #{subId,jdbcType=INTEGER},
      sub_name = #{subName,jdbcType=VARCHAR}
    where id = #{id,jdbcType=INTEGER}
  </update>
</mapper>